0.3,0.2,2.0001,2,0.33333931573813436,-0.000051279173748605945
0.3,0.21000000000000002,2.0001,2,0.3236445867253134,0.029716394152569714
0.3,0.22,2.0001,2,0.314989937342783,0.05764137470201884
0.3,0.23,2.0001,2,0.3072657541933088,0.08393077964115213
0.3,0.24000000000000002,2.0001,2,0.3003811738781953,0.10875230649080309
0.3,0.25,2.0001,2,0.29425984047855164,0.13224175421222267
0.3,0.26,2.0001,2,0.2888365510551078,0.15450901195724942
0.3,0.27,2.0001,2,0.28405457464228173,0.17564297026075829
0.3,0.28,2.0001,2,0.2798635056506874,0.19571566643511715
0.3,0.29000000000000004,2.0001,2,0.2762175638682122,0.2147858668061011
0.3,0.30000000000000004,2.0001,2,0.2730742855770335,0.23290220325786157
0.3,0.31,2.0001,2,0.27039356699993383,0.25010591680979805
0.3,0.32,2.0001,2,0.26813702542805457,0.26643321667700953
0.3,0.33,2.0001,2,0.2662676387413022,0.2819172402481544
0.3,0.34,2.0001,2,0.26474961519954565,0.2965895967307208
0.3,0.35,2.0001,2,0.2635484370822794,0.31048149091205407
0.3,0.36,2.0001,2,0.2626310177735034,0.32362444682579355
0.3,0.37,2.0001,2,0.26196591416661985,0.33605067620022544
0.3,0.38,2.0001,2,0.2615235446090995,0.347793156518117
0.3,0.39,2.0001,2,0.2612763751429277,0.3588854941612117
0.3,0.4,2.0001,2,0.261199050875286,0.3693616485227238
0.3,0.41000000000000003,2.0001,2,0.2612684624502263,0.37925558490170697
0.3,0.42000000000000004,2.0001,2,0.26146374808850353,0.3886009105479259
0.3,0.43000000000000005,2.0001,2,0.26176623879704647,0.39743053295220127
0.3,0.44,2.0001,2,0.26215935822539743,0.40577636472610523
0.3,0.45,2.0001,2,0.2626284898767126,0.4136690872469012
0.3,0.46,2.0001,2,0.2631608237736779,0.42113797600272407
0.3,0.47000000000000003,2.0001,2,0.2637451930061835,0.4282107844149068
0.3,0.48000000000000004,2.0001,2,0.26437190846203595,0.4349136793117313
0.3,0.49,2.0001,2,0.26503259788558636,0.44127121958304627
0.3,0.5,2.0001,2,0.2657200534692454,0.44730636924893014
0.3,0.51,2.0001,2,0.26642809057367217,0.4530405367136299
0.3,0.52,2.0001,2,0.2671514189198426,0.4584936329598125
0.3,0.53,2.0001,2,0.2678855266746598,0.463684142597175
0.3,0.54,2.0001,2,0.2686265772113776,0.4686292028427294
0.3,0.55,2.0001,2,0.26937131790995555,0.4733446865801374
0.3,0.56,2.0001,2,0.2701170001164411,0.4778452865758254
0.3,0.5700000000000001,2.0001,2,0.2708613092579332,0.4821445987064908
0.3,0.5800000000000001,2.0001,2,0.2716023040729211,0.48625520268119504
0.3,0.5900000000000001,2.0001,2,0.2723383639367548,0.4901887392368729
0.3,0.6000000000000001,2.0001,2,0.27306814331713325,0.49395598316779527
0.3,0.6100000000000001,2.0001,2,0.2737905324693673,0.4975669118371613
0.3,0.62,2.0001,2,0.27450462356512706,0.5010307690308172
0.3,0.63,2.0001,2,0.27520968153428993,0.5043561241651211
0.3,0.64,2.0001,2,0.27590511898288433,0.507550926966762
0.3,0.65,2.0001,2,0.27659047462829245,0.5106225578128103
0.3,0.66,2.0001,2,0.277265394764429,0.5135778739634324
0.3,0.67,2.0001,2,0.27792961733400084,0.5164232519442692
0.3,0.6799999999999999,2.0001,2,0.2785829582421473,0.5191646263460825
0.3,0.69,2.0001,2,0.2792252995960916,0.5218075253098441
0.3,0.7,2.0001,2,0.279856579599385,0.5243571029591518
0.3,0.2,2.0001,1.9,0.35023761056280855,-0.04885726894801854
0.3,0.21000000000000002,2.0001,1.9,0.3398983040448373,-0.019421415845398835
0.3,0.22,2.0001,1.9,0.3305989313860986,0.008226861222638004
0.3,0.23,2.0001,1.9,0.32222712600545955,0.03429854975546585
0.3,0.24000000000000002,2.0001,1.9,0.3146902149778709,0.05896618119113627
0.3,0.25,2.0001,1.9,0.3079110332408609,0.08237099402854638
0.3,0.26,2.0001,1.9,0.3018246286575665,0.10462851221569515
0.3,0.27,2.0001,1.9,0.2963756219057677,0.12583299308817092
0.3,0.28,2.0001,1.9,0.29151605991725643,0.14606107261030268
0.3,0.29000000000000004,2.0001,1.9,0.2872036550556949,0.16537484365651303
0.3,0.30000000000000004,2.0001,1.9,0.2834003407534245,0.18382453230832985
0.3,0.31,2.0001,1.9,0.28007110138846336,0.20145087989466315
0.3,0.32,2.0001,1.9,0.277183051553372,0.2182872911088743
0.3,0.33,2.0001,1.9,0.2747047486290098,0.23436177031243938
0.3,0.34,2.0001,1.9,0.2726057238998898,0.2496986401970056
0.3,0.35,2.0001,1.9,0.270856213106981,0.26432002087108647
0.3,0.36,2.0001,1.9,0.2694270598119125,0.27824704378758336
0.3,0.37,2.0001,1.9,0.2682897571097506,0.29150078249327077
0.3,0.38,2.0001,1.9,0.2674165876976893,0.30410289769819193
0.3,0.39,2.0001,1.9,0.26678082081703935,0.3160760130313954
0.3,0.4,2.0001,1.9,0.26635692760789614,0.3274438553558835
0.3,0.41000000000000003,2.0001,1.9,0.2661207832130049,0.3382312060483079
0.3,0.42000000000000004,2.0001,1.9,0.26604983301044066,0.348463715426291
0.3,0.43000000000000005,2.0001,1.9,0.2661232098932051,0.3581676316271652
0.3,0.44,2.0001,1.9,0.26632179807431067,0.3673694891596847
0.3,0.45,2.0001,1.9,0.2666282455507529,0.376095793207385
0.3,0.46,2.0001,1.9,0.26702693178714154,0.3843727255465095
0.3,0.47000000000000003,2.0001,1.9,0.26750389950845926,0.39222588833543626
0.3,0.48000000000000004,2.0001,1.9,0.2680467601447941,0.3996800939385885
0.3,0.49,2.0001,1.9,0.2686445819564264,0.4067592028089633
0.3,0.5,2.0001,1.9,0.2692877686695435,0.4134860072382916
0.3,0.51,2.0001,1.9,0.26996793495597665,0.41988215623059655
0.3,0.52,2.0001,1.9,0.27067778356413036,0.42596811549577457
0.3,0.53,2.0001,1.9,0.2714109875158668,0.43176315622143996
0.3,0.54,2.0001,1.9,0.27216207960604394,0.4372853665393064
0.3,0.55,2.0001,1.9,0.2729263505013387,0.44255168020259994
0.3,0.56,2.0001,1.9,0.2736997560218649,0.4475779177500199
0.3,0.5700000000000001,2.0001,1.9,0.27447883367404,0.4523788362274683
0.3,0.5800000000000001,2.0001,1.9,0.27526062815060404,0.45696818429622155
0.3,0.5900000000000001,2.0001,1.9,0.2760426252883166,0.4613587602357374
0.3,0.6000000000000001,2.0001,1.9,0.27682269384399044,0.4655624709335543
0.3,0.6100000000000001,2.0001,1.9,0.2775990343887293,0.4695903904416464
0.3,0.62,2.0001,1.9,0.2783701346074252,0.4734528170742969
0.3,0.63,2.0001,1.9,0.2791347303095765,0.47715932833705654
0.3,0.64,2.0001,1.9,0.2798917714962905,0.4807188332218566
0.3,0.65,2.0001,1.9,0.28064039287829573,0.48413962159116386
0.3,0.66,2.0001,1.9,0.28137988829484606,0.4874294105152976
0.3,0.67,2.0001,1.9,0.282109688539502,0.490595387530901
0.3,0.6799999999999999,2.0001,1.9,0.2828293421532729,0.4936442508631152
0.3,0.69,2.0001,1.9,0.28353849879690657,0.4965822467059088
0.3,0.7,2.0001,1.9,0.2842368948613686,0.49941520368948356
0.3,0.2,2.0001,1.8,0.36647286373996685,-0.09225203026763973
0.3,0.21000000000000002,2.0001,1.8,0.35565714089704925,-0.06349905126612874
0.3,0.22,2.0001,1.8,0.34587259547101873,-0.03646474707807508
0.3,0.23,2.0001,1.8,0.3370052830326046,-0.010939926020449214
0.3,0.24000000000000002,2.0001,1.8,0.3289613046095915,0.013247884626156736
0.3,0.25,2.0001,1.8,0.3216627068865697,0.03624127614549341
0.3,0.26,2.0001,1.8,0.3150442810592736,0.058158219994314746
0.3,0.27,2.0001,1.8,0.30905101720073125,0.07909618438938322
0.3,0.28,2.0001,1.8,0.30363604279066203,0.09913541949468023
0.3,0.29000000000000004,2.0001,1.8,0.2987589249593919,0.11834164329781742
0.3,0.30000000000000004,2.0001,1.8,0.29438425316971045,0.13676830134795215
0.3,0.31,2.0001,1.8,0.2904804468527644,0.15445852858542775
0.3,0.32,2.0001,1.8,0.2870187534033787,0.1714469049358924
0.3,0.33,2.0001,1.8,0.28397241715848115,0.18776106488553548
0.3,0.34,2.0001,1.8,0.2813160100163604,0.2034231935081733
0.3,0.35,2.0001,1.8,0.27902491940256413,0.21845141752375755
0.3,0.36,2.0001,1.8,0.27707498967860283,0.23286108112377166
0.3,0.37,2.0001,1.8,0.27544230959440447,0.24666588405806172
0.3,0.38,2.0001,1.8,0.27410313233700073,0.2598788549716464
0.3,0.39,2.0001,1.8,0.2730339078826275,0.27251313624553397
0.3,0.4,2.0001,1.8,0.27221140154338147,0.2845825662738872
0.3,0.41000000000000003,2.0001,1.8,0.27161286927039796,0.2961020586490324
0.3,0.42000000000000004,2.0001,1.8,0.2712162601771294,0.3070877920145205
0.3,0.43000000000000005,2.0001,1.8,0.27100041979284906,0.31755723651927326
0.3,0.44,2.0001,1.8,0.270945272973608,0.3275290509053581
0.3,0.45,2.0001,1.8,0.2710319720386243,0.3370228875414797
0.3,0.46,2.0001,1.8,0.27124300240116284,0.34605914153617756
0.3,0.47000000000000003,2.0001,1.8,0.2715622438082968,0.3546586755625285
0.3,0.48000000000000004,2.0001,1.8,0.2719749897683401,0.36284254558270684
0.3,0.49,2.0001,1.8,0.27246793066357833,0.37063174563304735
0.3,0.5,2.0001,1.8,0.2730291075512501,0.37804698320006147
0.3,0.51,2.0001,1.8,0.27364784403166903,0.3851084911147834
0.3,0.52,2.0001,1.8,0.27431466315127107,0.3918358775751363
0.3,0.53,2.0001,1.8,0.2750211954286873,0.398248012873185
0.3,0.54,2.0001,1.8,0.2757600830002295,0.404362949498841
0.3,0.55,2.0001,1.8,0.2765248837599342,0.4101978712833131
0.3,0.56,2.0001,1.8,0.2773099783325362,0.41576906689502674
0.3,0.5700000000000001,2.0001,1.8,0.27811048182497355,0.42109192309318355
0.3,0.5800000000000001,2.0001,1.8,0.2789221615742578,0.4261809335066177
0.3,0.5900000000000001,2.0001,1.8,0.2797413615431862,0.43104971920845986
0.3,0.6000000000000001,2.0001,1.8,0.28056493359342505,0.4357110579105624
0.3,0.6100000000000001,2.0001,1.8,0.2813901755649885,0.44017691914750984
0.3,0.62,2.0001,1.8,0.28221477588822613,0.44445850332437353
0.3,0.63,2.0001,1.8,0.28303676432691627,0.4485662829479552
0.3,0.64,2.0001,1.8,0.2838544683798449,0.45251004474257117
0.3,0.65,2.0001,1.8,0.2846664748376605,0.45629893166918634
0.3,0.66,2.0001,1.8,0.285471595989419,0.4599414841263381
0.3,0.67,2.0001,1.8,0.28626883998961683,0.46344567981945134
0.3,0.6799999999999999,2.0001,1.8,0.2870573849245856,0.46681897194939764
0.3,0.69,2.0001,1.8,0.28783655615177733,0.4700683254987867
0.3,0.7,2.0001,1.8,0.2886058065231153,0.4732002514920155
0.3,0.2,2.0001,1.7,0.3816289891764884,-0.1295518828840938
0.3,0.21000000000000002,2.0001,1.7,0.37051581648219944,-0.10183509297828423
0.3,0.22,2.0001,1.7,0.3604141403854542,-0.07574831119092482
0.3,0.23,2.0001,1.7,0.35121030495850514,-0.05108960292936322
0.3,0.24000000000000002,2.0001,1.7,0.34281053052471555,-0.02769140200148687
0.3,0.25,2.0001,1.7,0.33513693838613506,-0.0054140626498165745
0.3,0.26,2.0001,1.7,0.32812446735674666,0.015859080473740565
0.3,0.27,2.0001,1.7,0.32171844206170924,0.03622554321835396
0.3,0.28,2.0001,1.7,0.31587262171503744,0.055766702623704825
0.3,0.29000000000000004,2.0001,1.7,0.3105476060301453,0.07455020111620116
0.3,0.30000000000000004,2.0001,1.7,0.3057095092845245,0.09263190555397675
0.3,0.31,2.0001,1.7,0.30132883898561996,0.1100575449080575
0.3,0.32,2.0001,1.7,0.29737953501412295,0.1268641222110473
0.3,0.33,2.0001,1.7,0.29383814034669503,0.1430811738771459
0.3,0.34,2.0001,1.7,0.29068308644919755,0.15873193004766378
0.3,0.35,2.0001,1.7,0.2878940855633674,0.17383441171996464
0.3,0.36,2.0001,1.7,0.28545162838841853,0.18840248349927566
0.3,0.37,2.0001,1.7,0.28333658894225244,0.2024468651644727
0.3,0.38,2.0001,1.7,0.2815299386263196,0.21597609183708857
0.3,0.39,2.0001,1.7,0.28001256896874477,0.2289974027077159
0.3,0.4,2.0001,1.7,0.27876521785653424,0.2415175332058656
0.3,0.41000000000000003,2.0001,1.7,0.2777684883522701,0.25354338580333224
0.3,0.42000000000000004,2.0001,1.7,0.2770029436883765,0.265082560006495
0.3,0.43000000000000005,2.0001,1.7,0.27644925792358205,0.2761437312559477
0.3,0.44,2.0001,1.7,0.27608839984628153,0.2867368794710992
0.3,0.45,2.0001,1.7,0.27590182829280946,0.2968733787222391
0.3,0.46,2.0001,1.7,0.2758716798420041,0.30656596817966236
0.3,0.47000000000000003,2.0001,1.7,0.27598093417543057,0.31582862996669026
0.3,0.48000000000000004,2.0001,1.7,0.27621354740601145,0.32467640153166005
0.3,0.49,2.0001,1.7,0.27655454857671574,0.3331251490481324
0.3,0.5,2.0001,1.7,0.27699009872345665,0.34119132498183746
0.3,0.51,2.0001,1.7,0.2775075150542902,0.3488917283075408
0.3,0.52,2.0001,1.7,0.2780952648441431,0.35624328080999956
0.3,0.53,2.0001,1.7,0.2787429346840611,0.3632628281379532
0.3,0.54,2.0001,1.7,0.2794411809627846,0.36996697021452063
0.3,0.55,2.0001,1.7,0.2801816671346759,0.37637192242708006
0.3,0.56,2.0001,1.7,0.28095699266385493,0.38249340673492366
0.3,0.5700000000000001,2.0001,1.7,0.28176061771028904,0.3883465703470068
0.3,0.5800000000000001,2.0001,1.7,0.2825867867698044,0.3939459287855381
0.3,0.5900000000000001,2.0001,1.7,0.2834304536807897,0.399305329803434
0.3,0.6000000000000001,2.0001,1.7,0.2842872097109435,0.40443793461693744
0.3,0.6100000000000001,2.0001,1.7,0.2851532158571189,0.4093562131261579
0.3,0.62,2.0001,1.7,0.2860251400297479,0.4140719501313769
0.3,0.63,2.0001,1.7,0.2869000994407364,0.4185962599433791
0.3,0.64,2.0001,1.7,0.28777560825470416,0.42293960718577417
0.3,0.65,2.0001,1.7,0.28864953038134067,0.4271118319676022
0.3,0.66,2.0001,1.7,0.28952003716538893,0.4311221779493204
0.3,0.67,2.0001,1.7,0.29038556965617385,0.43497932212722207
0.3,0.6799999999999999,2.0001,1.7,0.291244805098628,0.43869140541907137
0.3,0.69,2.0001,1.7,0.29209662727277863,0.442266063348897
0.3,0.7,2.0001,1.7,0.2929401003109836,0.445710456305628
0.3,0.2,2.0001,1.6,0.395279493086471,-0.16012048318341202
0.3,0.21000000000000002,2.0001,1.6,0.38406165593800845,-0.13379451441549742
0.3,0.22,2.0001,1.6,0.3738221673092574,-0.10898651838209654
0.3,0.23,2.0001,1.6,0.36444999247003146,-0.08550690190912044
0.3,0.24000000000000002,2.0001,1.6,0.35585331048925645,-0.06319752200830622
0.3,0.25,2.0001,1.6,0.34795572334525565,-0.04192574095751885
0.3,0.26,2.0001,1.6,0.34069332731512686,-0.02157987308751088
0.3,0.27,2.0001,1.6,0.3340124171505324,-0.002065662247053811
0.3,0.28,2.0001,1.6,0.3278676586830928,0.016696469995098873
0.3,0.29000000000000004,2.0001,1.6,0.3222206104740153,0.03477359630664666
0.3,0.30000000000000004,2.0001,1.6,0.31703850683293405,0.0522220188863271
0.3,0.31,2.0001,1.6,0.31229323745692333,0.0690886778980392
0.3,0.32,2.0001,1.6,0.3079604760332038,0.08541231908971787
0.3,0.33,2.0001,1.6,0.3040189233630209,0.10122448920917662
0.3,0.34,2.0001,1.6,0.30044964116812234,0.11655041432466041
0.3,0.35,2.0001,1.6,0.29723546149801205,0.1314098048097624
0.3,0.36,2.0001,1.6,0.2943604639337479,0.1458176202848559
0.3,0.37,2.0001,1.6,0.2918095186412696,0.1597848174183418
0.3,0.38,2.0001,1.6,0.2895678976059366,0.17331909288190855
0.3,0.39,2.0001,1.6,0.28762095882379096,0.1864256231501776
0.3,0.4,2.0001,1.6,0.2859539086238185,0.1991077929414699
0.3,0.41000000000000003,2.0001,1.6,0.2845516456323968,0.21136789594199196
0.3,0.42000000000000004,2.0001,1.6,0.28339868645114535,0.22320778612532444
0.3,0.43000000000000005,2.0001,1.6,0.28247916851431215,0.2346294562870741
0.3,0.44,2.0001,1.6,0.2817769206783158,0.2456355226144217
0.3,0.45,2.0001,1.6,0.28127558780060613,0.25622959975094267
0.3,0.46,2.0001,1.6,0.2809587926702367,0.26641655880580345
0.3,0.47000000000000003,2.0001,1.6,0.2808103176187212,0.2762026696156983
0.3,0.48000000000000004,2.0001,1.6,0.2808142890214327,0.285595636795142
0.3,0.49,2.0001,1.6,0.28095535038061736,0.29460454551470777
0.3,0.5,2.0001,1.6,0.2812188131983842,0.30323973685891575
0.3,0.51,2.0001,1.6,0.2815907787625057,0.3115126339287523
0.3,0.52,2.0001,1.6,0.28205822770548816,0.31943553891973603
0.3,0.53,2.0001,1.6,0.28260907735208396,0.3270214188487529
0.3,0.54,2.0001,1.6,0.28323220922688763,0.3342836941253112
0.3,0.55,2.0001,1.6,0.2839174706127291,0.3412360403989412
0.3,0.56,2.0001,1.6,0.28465565481690147,0.3478922105441407
0.3,0.5700000000000001,2.0001,1.6,0.28543846496974673,0.35426588056733577
0.3,0.5800000000000001,2.0001,1.6,0.28625846592374604,0.3603705207765476
0.3,0.5900000000000001,2.0001,1.6,0.28710902830422247,0.3662192917608508
0.3,0.6000000000000001,2.0001,1.6,0.2879842681186097,0.3718249635228867
0.3,0.6100000000000001,2.0001,1.6,0.2888789846580335,0.37719985539283785
0.3,0.62,2.0001,1.6,0.28978859878724533,0.3823557940145891
0.3,0.63,2.0001,1.6,0.2907090931535635,0.38730408662794485
0.3,0.64,2.0001,1.6,0.2916369553687029,0.3920555069847054
0.3,0.65,2.0001,1.6,0.29256912483158887,0.39662029145928196
0.3,0.66,2.0001,1.6,0.2935029435593339,0.4010081431931959
0.3,0.67,2.0001,1.6,0.29443611116705987,0.40522824241008903
0.3,0.6799999999999999,2.0001,1.6,0.2953666439730562,0.40928926132918364
0.3,0.69,2.0001,1.6,0.29629283809186846,0.4131993823758872
0.3,0.7,2.0001,1.6,0.29721323630340046,0.41696631863060746
0.3,0.2,2.0001,1.5,0.40698999696890525,-0.18340665072895407
0.3,0.21000000000000002,2.0001,1.5,0.39587534842580885,-0.15882025405680103
0.3,0.22,2.0001,1.5,0.38569007722701626,-0.13561515894489448
0.3,0.23,2.0001,1.5,0.376328418566174,-0.11361870326549642
0.3,0.24000000000000002,2.0001,1.5,0.36770266716869604,-0.09268621529039373
0.3,0.25,2.0001,1.5,0.35973964993682916,-0.07269570047744865
0.3,0.26,2.0001,1.5,0.35237800565132416,-0.05354376507177387
0.3,0.27,2.0001,1.5,0.34556605933350276,-0.03514245925465017
0.3,0.28,2.0001,1.5,0.33926013906030594,-0.017416812255039542
0.3,0.29000000000000004,2.0001,1.5,0.33342322443019856,-0.0003028933140788853
0.3,0.30000000000000004,2.0001,1.5,0.3280238448417672,0.016253724999108887
0.3,0.31,2.0001,1.5,0.32303516637822544,0.03229919484580945
0.3,0.32,2.0001,1.5,0.3184342211099673,0.04787238533683197
0.3,0.33,2.0001,1.5,0.3142012438718087,0.06300569687368088
0.3,0.34,2.0001,1.5,0.3103190903026135,0.0777257449309851
0.3,0.35,2.0001,1.5,0.306772717017912,0.09205395270344302
0.3,0.36,2.0001,1.5,0.3035487107942714,0.10600708576815715
0.3,0.37,2.0001,1.5,0.3006348589151519,0.1195977563613732
0.3,0.38,2.0001,1.5,0.29801975749419585,0.13283491932778657
0.3,0.39,2.0001,1.5,0.2956924586056288,0.14572437577829112
0.3,0.4,2.0001,1.5,0.2936421602211686,0.1582692937683469
0.3,0.41000000000000003,2.0001,1.5,0.29185794500412165,0.17047074799221024
0.3,0.42000000000000004,2.0001,1.5,0.2903285746752384,0.18232827303285873
0.3,0.43000000000000005,2.0001,1.5,0.28904234578290405,0.19384041786273173
0.3,0.44,2.0001,1.5,0.28798701033059765,0.20500528395650017
0.3,0.45,2.0001,1.5,0.2871497611457235,0.21582102639016382
0.3,0.46,2.0001,1.5,0.28651727766739293,0.22628629719728827
0.3,0.47000000000000003,2.0001,1.5,0.286075823686568,0.23640061308843457
0.3,0.48000000000000004,2.0001,1.5,0.28581138518854365,0.24616463493286742
0.3,0.49,2.0001,1.5,0.2857098343636214,0.2555803532284075
0.3,0.5,2.0001,1.5,0.28575710533032583,0.2646511809990217
0.3,0.51,2.0001,1.5,0.2859393681093381,0.2733819620542513
0.3,0.52,2.0001,1.5,0.28624318958503586,0.28177890749073964
0.3,0.53,2.0001,1.5,0.28665567312749846,0.28984947627696134
0.3,0.54,2.0001,1.5,0.2871645717209122,0.29760221671926174
0.3,0.55,2.0001,1.5,0.2877583724245964,0.30504658485324354
0.3,0.56,2.0001,1.5,0.28842635248290294,0.3121927538213531
0.3,0.5700000000000001,2.0001,1.5,0.2891586092503399,0.31905142561324945
0.3,0.5800000000000001,2.0001,1.5,0.2899460672876081,0.325633653632981
0.3,0.5900000000000001,2.0001,1.5,0.2907804665830399,0.33195068177464854
0.3,0.6000000000000001,2.0001,1.5,0.29165433598224416,0.3380138032655599
0.3,0.6100000000000001,2.0001,1.5,0.2925609557016272,0.34383424058335843
0.3,0.62,2.0001,1.5,0.29349431238497264,0.3494230462922704
0.3,0.63,2.0001,1.5,0.29444904964029506,0.35479102363524595
0.3,0.64,2.0001,1.5,0.295420416444079,0.35994866509246304
0.3,0.65,2.0001,1.5,0.2964042152736472,0.36490610679168056
0.3,0.66,2.0001,1.5,0.29739675135634813,0.36967309655266584
0.3,0.67,2.0001,1.5,0.2983947840210513,0.3742589733978494
0.3,0.6799999999999999,2.0001,1.5,0.2993954808064077,0.3786726565080318
0.3,0.69,2.0001,1.5,0.30039637471786407,0.38292264180310703
0.3,0.7,2.0001,1.5,0.30139532482401177,0.3870170045521903
0.3,0.2,1.0001,1,0.49999999787525334,-0.00004999325071952385
0.3,0.21000000000000002,1.0001,1,0.4903703837298551,0.019602182491950493
0.3,0.22,1.0001,1,0.4814464354229963,0.03860980151494776
0.3,0.23,1.0001,1,0.4731841865774621,0.05703451202917116
0.3,0.24000000000000002,1.0001,1,0.46554911022383394,0.07492447789950127
0.3,0.25,1.0001,1,0.45851441748896565,0.09231563849071411
0.3,0.26,1.0001,1,0.45205953410611127,0.10923266524010132
0.3,0.27,1.0001,1,0.4461686579571457,0.12568976521768538
0.3,0.28,1.0001,1,0.44082933046224365,0.1416914764801618
0.3,0.29000000000000004,1.0001,1,0.4360309874341261,0.15723359403516227
0.3,0.30000000000000004,1.0001,1,0.4317634934313011,0.17230434915405787
0.3,0.31,1.0001,1,0.4280157064176382,0.1868859295560854
0.3,0.32,1.0001,1,0.424774160664445,0.2009563683454681
0.3,0.33,1.0001,1,0.4220219849081573,0.21449174829714432
0.3,0.34,1.0001,1,0.41973817785647144,0.22746857903452333
0.3,0.35,1.0001,1,0.4178973361024315,0.2398661313595479
0.3,0.36,1.0001,1,0.41646987177935746,0.25166848098673683
0.3,0.37,1.0001,1,0.41542268217173856,0.26286603897657435
0.3,0.38,1.0001,1,0.41472016244797844,0.27345642496070494
0.3,0.39,1.0001,1,0.41432540655678807,0.2834446489595512
0.3,0.4,1.0001,1,0.41420143144478183,0.2928426755111619
0.3,0.41000000000000003,1.0001,1,0.4143122840546483,0.30166852155831625
0.3,0.42000000000000004,1.0001,1,0.4146239364586258,0.3099450733964801
0.3,0.43000000000000005,1.0001,1,0.41510492613943967,0.31769880046525745
0.3,0.44,1.0001,1,0.41572674254852915,0.32495850857953185
0.3,0.45,1.0001,1,0.416463991285736,0.33175422833475177
0.3,0.46,1.0001,1,0.41729438242106626,0.33811628927680926
0.3,0.47000000000000003,1.0001,1,0.4181985927269403,0.3440745944037693
0.3,0.48000000000000004,1.0001,1,0.41916004709271737,0.34965808513445723
0.3,0.49,1.0001,1,0.4201646560915811,0.35489437307153376
0.3,0.5,1.0001,1,0.4212005374122294,0.3598095092080156
0.3,0.51,1.0001,1,0.42225774034651703,0.36442786092801993
0.3,0.52,1.0001,1,0.4233279855140853,0.3687720699097836
0.3,0.53,1.0001,1,0.42440442668259637,0.37286306817050957
0.3,0.54,1.0001,1,0.42548143776022807,0.3767201339259082
0.3,0.55,1.0001,1,0.42655442551403433,0.38036097307334304
0.3,0.56,1.0001,1,0.42761966699989795,0.38380181566954236
0.3,0.5700000000000001,1.0001,1,0.42867416980576084,0.3870575196839333
0.3,0.5800000000000001,1.0001,1,0.42971555279161316,0.39014167659624893
0.3,0.5900000000000001,1.0001,1,0.43074194489230055,0.3930667151527152
0.3,0.6000000000000001,1.0001,1,0.4317518996155456,0.39584400089372324
0.3,0.6100000000000001,1.0001,1,0.4327443230363082,0.3984839300105396
0.3,0.62,1.0001,1,0.4337184133067503,0.4009960167604994
0.3,0.63,1.0001,1,0.43467360993488235,0.40338897413652935
0.3,0.64,1.0001,1,0.43560955131428614,0.4056707878015749
0.3,0.65,1.0001,1,0.4365260392010017,0.40784878350281994
0.3,0.66,1.0001,1,0.4374230090262971,0.4099296883061942
0.3,0.67,1.0001,1,0.43830050510393137,0.4119196860617544
0.3,0.6799999999999999,1.0001,1,0.4391586599379115,0.4138244675425306
0.3,0.69,1.0001,1,0.43999767696323244,0.4156492757057117
0.3,0.7,1.0001,1,0.4408178161596909,0.41739894651464693
0.3,0.2,1.0001,1.1,0.4724403881224427,0.05802655163900193
0.3,0.21000000000000002,1.0001,1.1,0.4627923768957587,0.08014004718526786
0.3,0.22,1.0001,1.1,0.45401068703501324,0.10138879271281842
0.3,0.23,1.0001,1.1,0.44604701454237783,0.12183236045113054
0.3,0.24000000000000002,1.0001,1.1,0.43886296140612957,0.14151098071341325
0.3,0.25,1.0001,1.1,0.4324271224757207,0.16044795352113805
0.3,0.26,1.0001,1.1,0.42671233724130697,0.1786520975435325
0.3,0.27,1.0001,1.1,0.42169308925252424,0.19612048289962047
0.3,0.28,1.0001,1.1,0.417343127814273,0.21284158820886762
0.3,0.29000000000000004,1.0001,1.1,0.4136334619924823,0.22879887560470819
0.3,0.30000000000000004,1.0001,1.1,0.4105309133761343,0.24397460728083895
0.3,0.31,1.0001,1.1,0.40799739100657095,0.25835357554284255
0.3,0.32,1.0001,1.1,0.40598996514685115,0.2719263389503964
0.3,0.33,1.0001,1.1,0.404461687451575,0.2846915886566822
0.3,0.34,1.0001,1.1,0.40336297600961085,0.2966574099343956
0.3,0.35,1.0001,1.1,0.40264329930952364,0.30784140738551174
0.3,0.36,1.0001,1.1,0.4022528784968153,0.318269858364309
0.3,0.37,1.0001,1.1,0.4021441777384912,0.3279761887335176
0.3,0.38,1.0001,1.1,0.40227304077767595,0.33699910453474957
0.3,0.39,1.0001,1.1,0.4025994246937382,0.34538067535483014
0.3,0.4,1.0001,1.1,0.40308775512948136,0.35316458337376955
0.3,0.41000000000000003,1.0001,1.1,0.4037069709505319,0.3603946605125436
0.3,0.42000000000000004,1.0001,1.1,0.4044303425004461,0.3671137581231983
0.3,0.43000000000000005,1.0001,1.1,0.4052351444333183,0.3733629391870115
0.3,0.44,1.0001,1.1,0.4061022504999692,0.37918095196940454
0.3,0.45,1.0001,1.1,0.4070157006407428,0.3846039313996876
0.3,0.46,1.0001,1.1,0.4079622745916046,0.38966527376717774
0.3,0.47000000000000003,1.0001,1.1,0.4089310929472705,0.3943956361994467
0.3,0.48000000000000004,1.0001,1.1,0.4099132567445715,0.3988230209457358
0.3,0.49,1.0001,1.1,0.41090152982913974,0.402972913371921
0.3,0.5,1.0001,1.1,0.41189006393239685,0.4068684505640556
0.3,0.51,1.0001,1.1,0.4128741638588881,0.4105306040553848
0.3,0.52,1.0001,1.1,0.4138500889000125,0.4139783653774693
0.3,0.53,1.0001,1.1,0.41481488611018297,0.41722892703640707
0.3,0.54,1.0001,1.1,0.4157662510891173,0.4202978543526447
0.3,0.55,1.0001,1.1,0.4167024121934118,0.42319924560734223
0.3,0.56,1.0001,1.1,0.41762203451172614,0.42594587931349737
0.3,0.5700000000000001,1.0001,1.1,0.41852414039406244,0.4285493483437997
0.3,0.5800000000000001,1.0001,1.1,0.4194080437762908,0.4310201812303854
0.3,0.5900000000000001,1.0001,1.1,0.4202732959592221,0.433367951303222
0.3,0.6000000000000001,1.0001,1.1,0.4211196408748263,0.4356013745264442
0.3,0.6100000000000001,1.0001,1.1,0.42194697819706495,0.43772839697816274
0.3,0.62,1.0001,1.1,0.42275533293259215,0.4397562729361244
0.3,0.63,1.0001,1.1,0.4235448303612159,0.4416916345050745
0.3,0.64,1.0001,1.1,0.424315675392407,0.44354055366956696
0.3,0.65,1.0001,1.1,0.4250681355675326,0.4453085975901706
0.3,0.66,1.0001,1.1,0.4258025270727755,0.4470008778895406
0.3,0.67,1.0001,1.1,0.42651920323940146,0.4486220946026069
0.3,0.6799999999999999,1.0001,1.1,0.4272185451000329,0.45017657539542016
0.3,0.69,1.0001,1.1,0.42790095364530506,0.4516683105916646
0.3,0.7,1.0001,1.1,0.428566843487509,0.4531009844855426
0.3,0.2,1.0001,1.2,0.44123725629612504,0.13125471688452092
0.3,0.21000000000000002,1.0001,1.2,0.4323814508420533,0.1549185649713568
0.3,0.22,1.0001,1.2,0.4245576402070215,0.17742100448087086
0.3,0.23,1.0001,1.2,0.4177092548335276,0.19880033803685562
0.3,0.24000000000000002,1.0001,1.2,0.41178463773005436,0.21907462374875503
0.3,0.25,1.0001,1.2,0.40673275569276934,0.2382481501939207
0.3,0.26,1.0001,1.2,0.40249987011369437,0.25631821689447737
0.3,0.27,1.0001,1.2,0.3990274530792006,0.27328179490693755
0.3,0.28,1.0001,1.2,0.3962515360028945,0.28914138724518335
0.3,0.29000000000000004,1.0001,1.2,0.3941034546178432,0.3039093816643567
0.3,0.30000000000000004,1.0001,1.2,0.3925116913280486,0.31761042066270695
0.3,0.31,1.0001,1.2,0.3914043247242408,0.33028171654734473
0.3,0.32,1.0001,1.2,0.39071155099128463,0.3419716458305399
0.3,0.33,1.0001,1.2,0.3903678425272448,0.35273721724832846
0.3,0.34,1.0001,1.2,0.39031349262689163,0.3626410632290644
0.3,0.35,1.0001,1.2,0.39049548261093847,0.3717484942660446
0.3,0.36,1.0001,1.2,0.3908677449432067,0.3801249658580946
0.3,0.37,1.0001,1.2,0.39139096604137147,0.3878341184754637
0.3,0.38,1.0001,1.2,0.3920320867841961,0.3949364080167259
0.3,0.39,1.0001,1.2,0.39276363896590727,0.40148825891537987
0.3,0.4,1.0001,1.2,0.39356302222328415,0.4075416351964078
0.3,0.41000000000000003,1.0001,1.2,0.3944117915140444,0.4131439201313704
0.3,0.42000000000000004,1.0001,1.2,0.3952949965670064,0.41833800771465285
0.3,0.43000000000000005,1.0001,1.2,0.3962005937212194,0.42316252837235824
0.3,0.44,1.0001,1.2,0.3971189366268224,0.4276521509049831
0.3,0.45,1.0001,1.2,0.3980423438651407,0.4318379196952081
0.3,0.46,1.0001,1.2,0.3989647370361716,0.43574759972373667
0.3,0.47000000000000003,1.0001,1.2,0.3998813408993955,0.4394060120165129
0.3,0.48000000000000004,1.0001,1.2,0.4007884367326697,0.4428353493236553
0.3,0.49,1.0001,1.2,0.4016831605069637,0.4460554667412129
0.3,0.5,1.0001,1.2,0.40256333832221514,0.4490841452196623
0.3,0.51,1.0001,1.2,0.40342735254631085,0.45193732794141367
0.3,0.52,1.0001,1.2,0.4042740330957189,0.4546293307639707
0.3,0.53,1.0001,1.2,0.40510256921603516,0.45717302858762543
0.3,0.54,1.0001,1.2,0.40591243793102527,0.4595800198091947
0.3,0.55,1.0001,1.2,0.40670334602175306,0.46186077109987583
0.3,0.56,1.0001,1.2,0.40747518297857727,0.46402474468571764
0.3,0.5700000000000001,1.0001,1.2,0.408227982849581,0.46608051017328067
0.3,0.5800000000000001,1.0001,1.2,0.40896189330308613,0.4680358427893095
0.3,0.5900000000000001,1.0001,1.2,0.4096771505428178,0.4698978097159715
0.3,0.6000000000000001,1.0001,1.2,0.4103740589744799,0.4716728460171406
0.3,0.6100000000000001,1.0001,1.2,0.41105297473291413,0.4733668214747237
0.3,0.62,1.0001,1.2,0.4117142923488125,0.4749850994916123
0.3,0.63,1.0001,1.2,0.4123584339709547,0.47653258907117646
0.3,0.64,1.0001,1.2,0.4129858406703887,0.47801379075271294
0.3,0.65,1.0001,1.2,0.4135969654420909,0.4794328372671865
0.3,0.66,1.0001,1.2,0.4141922675915847,0.4807935295768813
0.3,0.67,1.0001,1.2,0.41477220825213806,0.4820993688748162
0.3,0.6799999999999999,1.0001,1.2,0.41533724682519324,0.48335358504365056
0.3,0.69,1.0001,1.2,0.4158878381748139,0.48455916200782645
0.3,0.7,1.0001,1.2,0.41642443043784716,0.4857188603556946
0.3,0.2,1.0001,1.3,0.409296229507026,0.21693169363494139
0.3,0.21000000000000002,1.0001,1.3,0.4022190685330649,0.24066053800794307
0.3,0.22,1.0001,1.3,0.39630528115643887,0.26278454865269946
0.3,0.23,1.0001,1.3,0.3914598817301872,0.2833305042909869
0.3,0.24000000000000002,1.0001,1.3,0.38758313752964674,0.30232548199328957
0.3,0.25,1.0001,1.3,0.3845701322467616,0.3198063728333458
0.3,0.26,1.0001,1.3,0.3823128293826318,0.3358255778355015
0.3,0.27,1.0001,1.3,0.38070368223474566,0.35045254677086474
0.3,0.28,1.0001,1.3,0.3796396381969707,0.3637717863150718
0.3,0.29000000000000004,1.0001,1.3,0.379025567453395,0.375878620744914
0.3,0.30000000000000004,1.0001,1.3,0.37877656568962303,0.3868741213288183
0.3,0.31,1.0001,1.3,0.3788190169425748,0.3968603252984446
0.3,0.32,1.0001,1.3,0.3790906042065468,0.4059363922299936
0.3,0.33,1.0001,1.3,0.37953958541249944,0.4141959135750909
0.3,0.34,1.0001,1.3,0.3801236527777748,0.42172530341512965
0.3,0.35,1.0001,1.3,0.3808086276722264,0.42860305966762724
0.3,0.36,1.0001,1.3,0.3815671607358035,0.43489965239644385
0.3,0.37,1.0001,1.3,0.3823775349429286,0.4406778211268336
0.3,0.38,1.0001,1.3,0.3832226167879622,0.44599311031834116
0.3,0.39,1.0001,1.3,0.3840889671549199,0.4508945208639041
0.3,0.4,1.0001,1.3,0.38496610441990464,0.45542519656516117
0.3,0.41000000000000003,1.0001,1.3,0.38584590318711703,0.45962309559042736
0.3,0.42000000000000004,1.0001,1.3,0.38672210894067405,0.46352161874266945
0.3,0.43000000000000005,1.0001,1.3,0.3875899491132827,0.46715018084387594
0.3,0.44,1.0001,1.3,0.38844582291447655,0.4705347206578753
0.3,0.45,1.0001,1.3,0.38928705471597347,0.4736981501886781
0.3,0.46,1.0001,1.3,0.39011169831124237,0.4766607471637608
0.3,0.47000000000000003,1.0001,1.3,0.39091838168339504,0.4794404959335478
0.3,0.48000000000000004,1.0001,1.3,0.3917061839239144,0.4820533824956796
0.3,0.49,1.0001,1.3,0.39247453762450724,0.4845136492829829
0.3,0.5,1.0001,1.3,0.3932231514376789,0.4868340149904549
0.3,0.51,1.0001,1.3,0.39395194860760896,0.48902586421548494
0.3,0.52,1.0001,1.3,0.3946610181548729,0.49109941114022115
0.3,0.53,1.0001,1.3,0.3953505760973021,0.493063840948426
0.3,0.54,1.0001,1.3,0.396020934640695,0.49492743216937063
0.3,0.55,1.0001,1.3,0.3966724777071982,0.49669766269092075
0.3,0.56,1.0001,1.3,0.39730564151063497,0.4983813017868072
0.3,0.5700000000000001,1.0001,1.3,0.39792089915656453,0.49998449015781465
0.3,0.5800000000000001,1.0001,1.3,0.39851874845617913,0.5015128096895028
0.3,0.5900000000000001,1.0001,1.3,0.3990997023095864,0.5029713443750715
0.3,0.6000000000000001,1.0001,1.3,0.3996642811453774,0.5043647336358189
0.3,0.6100000000000001,1.0001,1.3,0.4002130070071546,0.5056972190882476
0.3,0.62,1.0001,1.3,0.40074639895989306,0.5069726856515703
0.3,0.63,1.0001,1.3,0.4012649695542099,0.5081946977579287
0.3,0.64,1.0001,1.3,0.40176922213847843,0.5093665313164507
0.3,0.65,1.0001,1.3,0.40225964885003057,0.510491201988196
0.3,0.66,1.0001,1.3,0.40273672914968656,0.5115714902493604
0.3,0.67,1.0001,1.3,0.4032009287902528,0.51260996365257
0.3,0.6799999999999999,1.0001,1.3,0.40365269913078605,0.5136089966387852
0.3,0.69,1.0001,1.3,0.40409247672545134,0.5145707882035867
0.3,0.7,1.0001,1.3,0.4045206831294612,0.5154973776801919
0.3,0.2,1.0001,1.4,0.3805734936156283,0.30973594899973883
0.3,0.21000000000000002,1.0001,1.4,0.3762373298301986,0.3311486596079351
0.3,0.22,1.0001,1.4,0.3729935636484778,0.3504745039362169
0.3,0.23,1.0001,1.4,0.3706707398025029,0.36783980720091675
0.3,0.24000000000000002,1.0001,1.4,0.36910625402682695,0.38339241319592143
0.3,0.25,1.0001,1.4,0.36815245135726354,0.3972945898311713
0.3,0.26,1.0001,1.4,0.3676805402276551,0.4097138780054433
0.3,0.27,1.0001,1.4,0.36758197543700283,0.42081466282891145
0.3,0.28,1.0001,1.4,0.36776778054421294,0.43075191306045035
0.3,0.29000000000000004,1.0001,1.4,0.3681665795538271,0.43966738916542464
0.3,0.30000000000000004,1.0001,1.4,0.36872204716462254,0.4476879580064399
0.3,0.31,1.0001,1.4,0.3693902787709224,0.45492542010402415
0.3,0.32,1.0001,1.4,0.37013736787913815,0.46147727927809407
0.3,0.33,1.0001,1.4,0.3709373184685216,0.46742801175037885
0.3,0.34,1.0001,1.4,0.371770320280792,0.4728505326828291
0.3,0.35,1.0001,1.4,0.3726213625764329,0.47780767453237355
0.3,0.36,1.0001,1.4,0.37347913983536885,0.48235357490292535
0.3,0.37,1.0001,1.4,0.37433519794260467,0.48653492583589086
0.3,0.38,1.0001,1.4,0.37518327286637604,0.49039206922666
0.3,0.39,1.0001,1.4,0.3760187806299109,0.49395994132353616
0.3,0.4,1.0001,1.4,0.37683842483473384,0.49726887842502293
0.3,0.41000000000000003,1.0001,1.4,0.3776398948801423,0.5003452996337308
0.3,0.42000000000000004,1.0001,1.4,0.3784216338835337,0.50321228323037
0.3,0.43000000000000005,1.0001,1.4,0.37918266006956547,0.5058900523608449
0.3,0.44,1.0001,1.4,0.3799224291626017,0.5083963841437289
0.3,0.45,1.0001,1.4,0.3806407282445855,0.5107469544881187
0.3,0.46,1.0001,1.4,0.3813375937921246,0.5129556291198706
0.3,0.47000000000000003,1.0001,1.4,0.3820132483273352,0.515034709670885
0.3,0.48000000000000004,1.0001,1.4,0.38266805142755744,0.5169951422400647
0.3,0.49,1.0001,1.4,0.3833024618357074,0.5188466945940122
0.3,0.5,1.0001,1.4,0.38391700817104657,0.5205981071281944
0.3,0.51,1.0001,1.4,0.3845122663171614,0.5222572218344409
0.3,0.52,1.0001,1.4,0.3850888420039916,0.5238310927945898
0.3,0.53,1.0001,1.4,0.3856473574370158,0.5253260811201587
0.3,0.54,1.0001,1.4,0.3861884410843842,0.5267479367631573
0.3,0.55,1.0001,1.4,0.38671271993073214,0.5281018692157274
0.3,0.56,1.0001,1.4,0.3872208136589419,0.5293926087805741
0.3,0.5700000000000001,1.0001,1.4,0.3877133303389983,0.5306244598175224
0.3,0.5800000000000001,1.0001,1.4,0.38819086329442287,0.531801347143143
0.3,0.5900000000000001,1.0001,1.4,0.388653988887791,0.5329268565716646
0.3,0.6000000000000001,1.0001,1.4,0.38910326502217674,0.5340042704290119
0.3,0.6100000000000001,1.0001,1.4,0.38953923019862996,0.5350365987420879
0.3,0.62,1.0001,1.4,0.38996240300369583,0.5360266066974243
0.3,0.63,1.0001,1.4,0.3903732819276048,0.5369768388733407
0.3,0.64,1.0001,1.4,0.3907723454347319,0.5378896406744825
0.3,0.65,1.0001,1.4,0.39116005222446965,0.5387671773345373
0.3,0.66,1.0001,1.4,0.39153684163372043,0.5396114507999619
0.3,0.67,1.0001,1.4,0.3919031341425844,0.5404243147628973
0.3,0.6799999999999999,1.0001,1.4,0.3922593319530121,0.5412074880737747
0.3,0.69,1.0001,1.4,0.3926058196167245,0.5419625667321896
0.3,0.7,1.0001,1.4,0.39294296469386664,0.5426910346275546
0.3,0.2,1.0001,1.5,0.35921611737280723,0.4003202514291053
0.3,0.21000000000000002,1.0001,1.5,0.3577871278743469,0.4167882614785846
0.3,0.22,1.0001,1.5,0.3570345735185579,0.43117576737211244
0.3,0.23,1.0001,1.5,0.35678508765085165,0.44376311764110493
0.3,0.24000000000000002,1.0001,1.5,0.35690237831871185,0.45480588912437686
0.3,0.25,1.0001,1.5,0.35728198800754546,0.4645294535737017
0.3,0.26,1.0001,1.5,0.3578452941962108,0.4731280626138072
0.3,0.27,1.0001,1.5,0.3585338635434807,0.48076669930670396
0.3,0.28,1.0001,1.5,0.35930465426193803,0.4875842762990364
0.3,0.29000000000000004,1.0001,1.5,0.3601261754994566,0.49369724953698063
0.3,0.30000000000000004,1.0001,1.5,0.3609755225845775,0.4992031253571055
0.3,0.31,1.0001,1.5,0.3618361386046608,0.504183614305438
0.3,0.32,1.0001,1.5,0.3626961464669965,0.508707347686344
0.3,0.33,1.0001,1.5,0.3635471150598104,0.5128321586187001
0.3,0.34,1.0001,1.5,0.36438314964587293,0.5166069687516885
0.3,0.35,1.0001,1.5,0.3652002218921979,0.5200733355316188
0.3,0.36,1.0001,1.5,0.3659956760671916,0.5232667156674525
0.3,0.37,1.0001,1.5,0.3667678644923558,0.5262174953694034
0.3,0.38,1.0001,1.5,0.36751587785218365,0.5289518308248281
0.3,0.39,1.0001,1.5,0.3682393452364556,0.5314923350993971
0.3,0.4,1.0001,1.5,0.3689382855766204,0.5338586410343618
0.3,0.41000000000000003,1.0001,1.5,0.3696129970777726,0.5360678640386976
0.3,0.42000000000000004,1.0001,1.5,0.37026397483442186,0.5381349839719648
0.3,0.43000000000000005,1.0001,1.5,0.37089184942251835,0.5400731614906095
0.3,0.44,1.0001,1.5,0.3714973411542738,0.5418940011587774
0.3,0.45,1.0001,1.5,0.3720812260635647,0.5436077711735441
0.3,0.46,1.0001,1.5,0.3726443107004351,0.5452235876053452
0.3,0.47000000000000003,1.0001,1.5,0.3731874135556334,0.546749569506402
0.3,0.48000000000000004,1.0001,1.5,0.37371135148371304,0.5481929700102692
0.3,0.49,1.0001,1.5,0.3742169298987758,0.5495602875675701
0.3,0.5,1.0001,1.5,0.3747049358186045,0.550857360683333
0.3,0.51,1.0001,1.5,0.375176133058218,0.5520894488983199
0.3,0.52,1.0001,1.5,0.37563125904282013,0.5532613022573178
0.3,0.53,1.0001,1.5,0.37607102283729105,0.5543772211057606
0.3,0.54,1.0001,1.5,0.37649610408545897,0.5554411077319826
0.3,0.55,1.0001,1.5,0.3769071526252149,0.5564565111100115
0.3,0.56,1.0001,1.5,0.3773047886009567,0.5574266657845347
0.3,0.5700000000000001,1.0001,1.5,0.37768960293708553,0.5583545257657994
0.3,0.5800000000000001,1.0001,1.5,0.3780621580685985,0.5592427941598207
0.3,0.5900000000000001,1.0001,1.5,0.37842298884958403,0.5600939491423855
0.3,0.6000000000000001,1.0001,1.5,0.37877260357944603,0.5609102667889678
0.3,0.6100000000000001,1.0001,1.5,0.37911148510131265,0.5616938411929321
0.3,0.62,1.0001,1.5,0.37944009193832934,0.5624466022383129
0.3,0.63,1.0001,1.5,0.37975885944223,0.5631703313383302
0.3,0.64,1.0001,1.5,0.3800682009352492,0.5638666754048278
0.3,0.65,1.0001,1.5,0.38036850883158096,0.5645371592752677
0.3,0.66,1.0001,1.5,0.38066015572855727,0.5651831967915056
0.3,0.67,1.0001,1.5,0.3809434954607751,0.5658061006972289
0.3,0.6799999999999999,1.0001,1.5,0.3812188641124271,0.5664070914981575
0.3,0.69,1.0001,1.5,0.38148658098593247,0.566987305408435
0.3,0.7,1.0001,1.5,0.3817469495241312,0.5675478014921574
0.1,0.24,1.0001,1,0.6130788042958552,-0.1945337463482375
0.1,0.25,1.0001,1,0.6033239148665565,-0.17941197631310718
0.1,0.26,1.0001,1,0.5940645621860334,-0.16485429281830052
0.1,0.27,1.0001,1,0.5852589607167898,-0.15081026315348475
0.1,0.27999999999999997,1.0001,1,0.5768705227310496,-0.13723542985449255
0.1,0.29,1.0001,1,0.5688670789323903,-0.12409042591557695
0.1,0.3,1.0001,1,0.5612202402710986,-0.11134024927650375
0.1,0.31,1.0001,1,0.55390487169366,-0.09895366399874708
0.1,0.32,1.0001,1,0.5468986553542101,-0.08690270307421043
0.1,0.32999999999999996,1.0001,1,0.5401817258648647,-0.07516225342327287
0.1,0.33999999999999997,1.0001,1,0.533736363955342,-0.06370970786606388
0.1,0.35,1.0001,1,0.5275467377887006,-0.05252467206352487
0.1,0.36,1.0001,1,0.5215986833795053,-0.04158871688716296
0.1,0.37,1.0001,1,0.5158795172556285,-0.030885168578131596
0.1,0.38,1.0001,1,0.5103778758201466,-0.020398930534913415
0.1,0.39,1.0001,1,0.5050835768969154,-0.010116331725131303
0.1,0.4,1.0001,1,0.4999874997500695,-0.000024997625154605703
0.1,0.41000000000000003,1.0001,1,0.4950814805044521,0.009886259693550172
0.1,0.42,1.0001,1,0.49035822039895127,0.01962753514859223
0.1,0.43,1.0001,1,0.4858112047070005,0.029207910275103027
0.1,0.44,1.0001,1,0.4814346304805633,0.038635520925241265
0.1,0.44999999999999996,1.0001,1,0.47722334153338447,0.047917614796914434
0.1,0.45999999999999996,1.0001,1,0.4731727692902659,0.057060600345346886
0.1,0.47,1.0001,1,0.4692788783030955,0.0660700884793728
0.1,0.48,1.0001,1,0.4655381153809763,0.0749509283359637
0.1,0.49,1.0001,1,0.46194736140935194,0.08370723835334451
0.1,0.5,1.0001,1,0.4585038850487562,0.09234243381755328
0.1,0.51,1.0001,1,0.45520529761422185,0.10085925203195635
0.1,0.52,1.0001,1,0.4520495085471791,0.1092597762463745
0.1,0.53,1.0001,1,0.44903468100786437,0.1175454594735989
0.1,0.54,1.0001,1,0.44615918724182113,0.12571714930729097
0.1,0.55,1.0001,1,0.44342156351183704,0.1337751148266726
0.1,0.56,1.0001,1,0.44082046453778223,0.14171907662006344
0.1,0.5700000000000001,1.0001,1,0.4383546175505163,0.1495482408712491
0.1,0.5800000000000001,1.0001,1,0.43602277623907626,0.15726133832108122
0.1,0.5900000000000001,1.0001,1,0.43382367504692265,0.16485666873492727
0.1,0.6,1.0001,1,0.4317559844445089,0.17233215127142135
0.1,0.61,1.0001,1,0.4298182679606882,0.17968538086092267
0.1,0.62,1.0001,1,0.42800894188227534,0.1869136903704483
0.1,0.63,1.0001,1,0.42632623861436414,0.1940142179697064
0.1,0.64,1.0001,1,0.4247681747238806,0.2009839787399478
0.1,0.65,1.0001,1,0.42333252465206317,0.20781993920972944
0.1,0.6599999999999999,1.0001,1,0.4220168009752691,0.21451909318768475
0.1,0.6699999999999999,1.0001,1,0.4208182419165813,0.2210785370213661
0.1,0.6799999999999999,1.0001,1,0.4197338065710349,0.22749554226873384
0.1,0.69,1.0001,1,0.4187601780189872,0.23376762374399954
0.1,0.7,1.0001,1,0.4178937741854201,0.2398926010008737
0.1,0.71,1.0001,1,0.41713076598184645,0.2458686515412087
0.1,0.72,1.0001,1,0.4164671019673828,0.25169435436999477
0.1,0.73,1.0001,1,0.4158985385100333,0.25736872293321245
0.1,0.74,1.0001,1,0.41542067423729423,0.2628912269392762
0.1,0.75,1.0001,1,0.41502898744925487,0.2682618030410485
0.1,0.76,1.0001,1,0.4147188751318833,0.27348085480711914
0.1,0.77,1.0001,1,0.41448569225004894,0.27854924280717563
0.1,0.78,1.0001,1,0.41432479010898665,0.2834682659532845
0.1,0.79,1.0001,1,0.41423155273462803,0.28823963546358056
0.1,0.8,1.0001,1,0.41420143042126906,0.292865442934599
0.1,0.81,1.0001,1,0.4142299697998728,0.2973481241045346
0.1,0.82,1.0001,1,0.4143128400273777,0.3016904196354515
0.1,0.83,1.0001,1,0.4144458548351198,0.3058953345526657
0.1,0.84,1.0001,1,0.4146249904339745,0.30996609730023994
0.1,0.85,1.0001,1,0.4148463993594833,0.31390611960709636
0.1,0.86,1.0001,1,0.4151064204901865,0.3177189579520784
0.1,0.87,1.0001,1,0.4154015855489008,0.3214082772814414
0.1,0.88,1.0001,1,0.4157286224538375,0.3249778174408211
0.1,0.89,1.0001,1,0.4160844559161252,0.3284313626187228
0.1,0.9,1.0001,1,0.4164662056883845,0.33177271395590063
0.1,0.24,1.0001,1.1,0.6113238947877764,-0.19612747115030213
0.1,0.25,1.0001,1.1,0.600210968062825,-0.17820323339465172
0.1,0.26,1.0001,1.1,0.5897174245252881,-0.16103252274189905
0.1,0.27,1.0001,1.1,0.5797879664744324,-0.14454514991895406
0.1,0.27999999999999997,1.0001,1.1,0.5703744928670315,-0.1286797055794728
0.1,0.29,1.0001,1.1,0.561434973175876,-0.11338220659438554
0.1,0.3,1.0001,1.1,0.5529325323902895,-0.09860499493062268
0.1,0.31,1.0001,1.1,0.5448347019357817,-0.0843058356675625
0.1,0.32,1.0001,1.1,0.5371128020871831,-0.07044717341092648
0.1,0.32999999999999996,1.0001,1.1,0.529741429406383,-0.05699551574868692
0.1,0.33999999999999997,1.0001,1.1,0.5226980286608791,-0.04392091939529937
0.1,0.35,1.0001,1.1,0.5159625331342483,-0.0311965599442455
0.1,0.36,1.0001,1.1,0.5095170606190684,-0.018798370155379714
0.1,0.37,1.0001,1.1,0.5033456549675694,-0.006704734770987143
0.1,0.38,1.0001,1.1,0.4974340650673113,0.005103767781348901
0.1,0.39,1.0001,1.1,0.4917695546553251,0.016644584608585377
0.1,0.4,1.0001,1.1,0.48634073759236335,0.0279333748780504
0.1,0.41000000000000003,1.0001,1.1,0.48113743416933896,0.03898416891946142
0.1,0.42,1.0001,1.1,0.47615054477099344,0.04980950430386997
0.1,0.43,1.0001,1.1,0.4713719378231824,0.06042054262180696
0.1,0.44,1.0001,1.1,0.46679434943532766,0.07082717015519958
0.1,0.44999999999999996,1.0001,1.1,0.46241129254630303,0.08103808522908994
0.1,0.45999999999999996,1.0001,1.1,0.45821697371246173,0.09106087471454649
0.1,0.47,1.0001,1.1,0.45420621595857935,0.10090208191235246
0.1,0.48,1.0001,1.1,0.45037438636086075,0.11056726785997274
0.1,0.49,1.0001,1.1,0.44671732725797497,0.12006106795532687
0.1,0.5,1.0001,1.1,0.4432312902010392,0.12938724566468104
0.1,0.51,1.0001,1.1,0.43991287196426937,0.13854874496346434
0.1,0.52,1.0001,1.1,0.43675895214985083,0.14754774303360477
0.1,0.53,1.0001,1.1,0.43376663213626737,0.15638570459524068
0.1,0.54,1.0001,1.1,0.43093317533871456,0.16506343907205656
0.1,0.55,1.0001,1.1,0.42825594897012187,0.17358116156786968
0.1,0.56,1.0001,1.1,0.42573236770521605,0.18193855836100106
0.1,0.5700000000000001,1.0001,1.1,0.42335983984844183,0.19013485730074428
0.1,0.5800000000000001,1.0001,1.1,0.42113571677724393,0.19816890312163
0.1,0.5900000000000001,1.0001,1.1,0.4190572465615538,0.2060392372877764
0.1,0.6,1.0001,1.1,0.41712153273449254,0.213744181560558
0.1,0.61,1.0001,1.1,0.41532549919629513,0.2212819240736574
0.1,0.62,1.0001,1.1,0.41366586216508927,0.22865060633053097
0.1,0.63,1.0001,1.1,0.41213910994184266,0.23584840924237618
0.1,0.64,1.0001,1.1,0.41074149103715796,0.24287363612964655
0.1,0.65,1.0001,1.1,0.4094690109268274,0.24972479054045052
0.1,0.6599999999999999,1.0001,1.1,0.4083174373804932,0.2564006468083582
0.1,0.6699999999999999,1.0001,1.1,0.4072823139681386,0.2629003114807913
0.1,0.6799999999999999,1.0001,1.1,0.4063589810199406,0.26922327408432595
0.1,0.69,1.0001,1.1,0.4055426030232704,0.2753694461289931
0.1,0.7,1.0001,1.1,0.404828201209613,0.2813391877543403
0.1,0.71,1.0001,1.1,0.4042106899306072,0.2871333219444645
0.1,0.72,1.0001,1.1,0.4036849153548759,0.29275313674579373
0.1,0.73,1.0001,1.1,0.4032456950355714,0.29820037637281804
0.1,0.74,1.0001,1.1,0.4028878569943764,0.3034772224544691
0.1,0.75,1.0001,1.1,0.40260627712667546,0.3085862669390017
0.1,0.76,1.0001,1.1,0.4023959139362979,0.31353047833132125
0.1,0.77,1.0001,1.1,0.4022518398370716,0.31831316298722534
0.1,0.78,1.0001,1.1,0.40216926849344375,0.3229379231458168
0.1,0.79,1.0001,1.1,0.4021435778976704,0.3274086132624456
0.1,0.8,1.0001,1.1,0.40217032908364087,0.33172929603052526
0.1,0.81,1.0001,1.1,0.4022452805513013,0.33590419926874304
0.1,0.82,1.0001,1.1,0.40236439861040796,0.3399376746314097
0.1,0.83,1.0001,1.1,0.4025238639582993,0.3438341588673815
0.1,0.84,1.0001,1.1,0.4027200748719407,0.34759813814817614
0.1,0.85,1.0001,1.1,0.4029496474347421,0.3512341157920464
0.1,0.86,1.0001,1.1,0.4032094132317946,0.3547465835481093
0.1,0.87,1.0001,1.1,0.4034964149408683,0.3581399964690773
0.1,0.88,1.0001,1.1,0.4038079002253449,0.3614187512940847
0.1,0.89,1.0001,1.1,0.40414131430378686,0.3645871681825323
0.1,0.9,1.0001,1.1,0.40449429153311944,0.3676494755828596
0.1,0.24,1.0001,1.2,0.6045770102353568,-0.18845824156963237
0.1,0.25,1.0001,1.2,0.592366552746587,-0.16800760486849797
0.1,0.26,1.0001,1.2,0.5808870901700717,-0.14849683938028055
0.1,0.27,1.0001,1.2,0.5700707300511287,-0.12983570697513916
0.1,0.27999999999999997,1.0001,1.2,0.5598587045965813,-0.11194570237749538
0.1,0.29,1.0001,1.2,0.5501999015313761,-0.09475819469102668
0.1,0.3,1.0001,1.2,0.5410496765567121,-0.07821292405374851
0.1,0.31,1.0001,1.2,0.5323688857972713,-0.06225677660722744
0.1,0.32,1.0001,1.2,0.524123091596416,-0.046842779556393675
0.1,0.32999999999999996,1.0001,1.2,0.5162819059865957,-0.031929271739393306
0.1,0.33999999999999997,1.0001,1.2,0.5088184442844687,-0.017479215243801027
0.1,0.35,1.0001,1.2,0.5017088673349701,-0.0034596211799025178
0.1,0.36,1.0001,1.2,0.4949319955140828,0.01015893155813218
0.1,0.37,1.0001,1.2,0.4884689810916637,0.023402701359316377
0.1,0.38,1.0001,1.2,0.48230302823630433,0.036295126272452335
0.1,0.39,1.0001,1.2,0.4764191520189432,0.04885711460447706
0.1,0.4,1.0001,1.2,0.4708039693909997,0.061107292664688645
0.1,0.41000000000000003,1.0001,1.2,0.4654455163875621,0.07306221703516481
0.1,0.42,1.0001,1.2,0.4603330868202184,0.08473655754549957
0.1,0.43,1.0001,1.2,0.4554570885410273,0.09614325619119768
0.1,0.44,1.0001,1.2,0.4508089140277678,0.10729366649874487
0.1,0.44999999999999996,1.0001,1.2,0.44638082259898104,0.11819767725804224
0.1,0.45999999999999996,1.0001,1.2,0.44216583204526616,0.12886382407454836
0.1,0.47,1.0001,1.2,0.43815761788397195,0.1392993918053938
0.1,0.48,1.0001,1.2,0.4343504188256857,0.14951051060659756
0.1,0.49,1.0001,1.2,0.4307389473956386,0.15950224800640816
0.1,0.5,1.0001,1.2,0.4273183049896354,0.16927869911008545
0.1,0.51,1.0001,1.2,0.4240839009661138,0.17884307671504504
0.1,0.52,1.0001,1.2,0.4210313756825602,0.18819780275740386
0.1,0.53,1.0001,1.2,0.41815652767056394,0.197344602112479
0.1,0.54,1.0001,1.2,0.41545524539992235,0.20628459933043786
0.1,0.55,1.0001,1.2,0.41292344429604705,0.21501841840998914
0.1,0.56,1.0001,1.2,0.4105570098322264,0.2235462852124704
0.1,0.5700000000000001,1.0001,1.2,0.4083517476050208,0.23186813161917524
0.1,0.5800000000000001,1.0001,1.2,0.4063033413055339,0.23998370006679878
0.1,0.5900000000000001,1.0001,1.2,0.40440731941467867,0.2478926466942135
0.1,0.6,1.0001,1.2,0.4026590312768958,0.25559464103371105
0.1,0.61,1.0001,1.2,0.4010536329524815,0.2630894600122939
0.1,0.62,1.0001,1.2,0.39958608293077963,0.2703770740151746
0.1,0.63,1.0001,1.2,0.3982511474295604,0.27745772291289283
0.1,0.64,1.0001,1.2,0.3970434146397941,0.28433198025817485
0.1,0.65,1.0001,1.2,0.39595731693138275,0.2910008042958389
0.1,0.6599999999999999,1.0001,1.2,0.39498715974394494,0.29746557496200204
0.1,0.6699999999999999,1.0001,1.2,0.39412715567138445,0.30372811663205773
0.1,0.6799999999999999,1.0001,1.2,0.3933714621253278,0.30979070696070604
0.1,0.69,1.0001,1.2,0.39271422093609654,0.31565607269555224
0.1,0.7,1.0001,1.2,0.3921495983164094,0.32132737379926274
0.1,0.71,1.0001,1.2,0.39167182375959286,0.326808177557365
0.1,0.72,1.0001,1.2,0.3912752266518521,0.33210242456562644
0.1,0.73,1.0001,1.2,0.39095426962505836,0.3372143885823448
0.1,0.74,1.0001,1.2,0.3907035779402144,0.3421486322076145
0.1,0.75,1.0001,1.2,0.39051796445216375,0.34690996023241905
0.1,0.76,1.0001,1.2,0.3903924499468116,0.35150337230926904
0.1,0.77,1.0001,1.2,0.39032227885161674,0.3559340163575367
0.1,0.78,1.0001,1.2,0.3903029304915264,0.36020714385432623
0.1,0.79,1.0001,1.2,0.39033012619270296,0.36432806789730815
0.1,0.8,1.0001,1.2,0.39039983262951955,0.3683021246703048
0.1,0.81,1.0001,1.2,0.3905082618621989,0.37213463871848607
0.1,0.82,1.0001,1.2,0.3906518685410732,0.37583089223685906
0.1,0.83,1.0001,1.2,0.39082734475022823,0.3793960984155224
0.1,0.84,1.0001,1.2,0.3910316129455819,0.3828353787542327
0.1,0.85,1.0001,1.2,0.39126181740974786,0.3861537441615274
0.1,0.86,1.0001,1.2,0.39151531460524647,0.3893560795852653
0.1,0.87,1.0001,1.2,0.3917896627623514,0.3924471318774619
0.1,0.88,1.0001,1.2,0.3920826109913673,0.3954315005729717
0.1,0.89,1.0001,1.2,0.39239208816361554,0.3983136312540229
0.1,0.9,1.0001,1.2,0.3927161917626084,0.40109781117762644
0.1,0.24,1.0001,1.3,0.5934004029988911,-0.17193249438487856
0.1,0.25,1.0001,1.3,0.5803763762980985,-0.14932870967628686
0.1,0.26,1.0001,1.3,0.568177561930601,-0.12783675633295827
0.1,0.27,1.0001,1.3,0.5567252237197846,-0.10734756583435695
0.1,0.27999999999999997,1.0001,1.3,0.5459514567934858,-0.08776666205950151
0.1,0.29,1.0001,1.3,0.5357974094869564,-0.06901180815028161
0.1,0.3,1.0001,1.3,0.5262118508191694,-0.05101111020283293
0.1,0.31,1.0001,1.3,0.5171500068617573,-0.03370147751459127
0.1,0.32,1.0001,1.3,0.5085726081496837,-0.01702736364102117
0.1,0.32999999999999996,1.0001,1.3,0.5004451040294092,-0.0009397304410822638
0.1,0.33999999999999997,1.0001,1.3,0.49273700998602626,0.014604809470502085
0.1,0.35,1.0001,1.3,0.48542136155566157,0.029644706574156663
0.1,0.36,1.0001,1.3,0.47847425412454075,0.04421407188455218
0.1,0.37,1.0001,1.3,0.4718744522436685,0.058343179635087346
0.1,0.38,1.0001,1.3,0.46560305540689867,0.07205889256994362
0.1,0.39,1.0001,1.3,0.45964320980986356,0.0853850239076126
0.1,0.4,1.0001,1.3,0.4539798576176887,0.09834264749198698
0.1,0.41000000000000003,1.0001,1.3,0.4485995168612867,0.11095036566662612
0.1,0.42,1.0001,1.3,0.44349008636051646,0.1232245428561719
0.1,0.43,1.0001,1.3,0.43864067111707356,0.13517951160935832
0.1,0.44,1.0001,1.3,0.43404142449088257,0.1468277568665784
0.1,0.44999999999999996,1.0001,1.3,0.42968340421649653,0.1581800833939786
0.1,0.45999999999999996,1.0001,1.3,0.425558439964315,0.169245770620288
0.1,0.47,1.0001,1.3,0.4216590107291236,0.18003271847673818
0.1,0.48,1.0001,1.3,0.41797813085068186,0.19054758723799337
0.1,0.49,1.0001,1.3,0.4145092439451569,0.20079593376498847
0.1,0.5,1.0001,1.3,0.4112461244523036,0.21078234594055165
0.1,0.51,1.0001,1.3,0.40818278687550297,0.2205105764573017
0.1,0.52,1.0001,1.3,0.40531340309933134,0.22998367646774184
0.1,0.53,1.0001,1.3,0.4026322283986941,0.23920412895333
0.1,0.54,1.0001,1.3,0.4001335368907138,0.24817398103836316
0.1,0.55,1.0001,1.3,0.3978115672141556,0.2568949739001061
0.1,0.56,1.0001,1.3,0.39566047914527347,0.26536866844835927
0.1,0.5700000000000001,1.0001,1.3,0.3936743216758936,0.2735965646047701
0.1,0.5800000000000001,1.0001,1.3,0.3918470128013047,0.28158021183797666
0.1,0.5900000000000001,1.0001,1.3,0.39017233091423686,0.28932130862616756
0.1,0.6,1.0001,1.3,0.38864391730752285,0.29682178872824755
0.1,0.61,1.0001,1.3,0.387255288888168,0.30408389253394913
0.1,0.62,1.0001,1.3,0.38599985983714985,0.3111102222983084
0.1,0.63,1.0001,1.3,0.38487097064640546,0.3179037806988093
0.1,0.64,1.0001,1.3,0.3838619227538307,0.3244679928263351
0.1,0.65,1.0001,1.3,0.382966016894402,0.3308067123747081
0.1,0.6599999999999999,1.0001,1.3,0.3821765932944715,0.33692421337440304
0.1,0.6699999999999999,1.0001,1.3,0.38148707194883263,0.3428251692819423
0.1,0.6799999999999999,1.0001,1.3,0.38089099141882465,0.34851462156121554
0.1,0.69,1.0001,1.3,0.38038204485067556,0.3539979400670921
0.1,0.7,1.0001,1.3,0.37995411221002984,0.359280777570776
0.1,0.71,1.0001,1.3,0.37960128803530313,0.364369020669056
0.1,0.72,1.0001,1.3,0.3793179043068847,0.369268739122125
0.1,0.73,1.0001,1.3,0.3790985482939932,0.3739861353971302
0.1,0.74,1.0001,1.3,0.3789380754647175,0.3785274958873405
0.1,0.75,1.0001,1.3,0.3788316177217994,0.38289914495642996
0.1,0.76,1.0001,1.3,0.37877458735595315,0.38710740264638
0.1,0.77,1.0001,1.3,0.37876267719318646,0.39115854660116445
0.1,0.78,1.0001,1.3,0.37879185745722216,0.39505877850913257
0.1,0.79,1.0001,1.3,0.3788583698818532,0.3988141951565779
0.1,0.8,1.0001,1.3,0.3789587195928436,0.40243076402056793
0.1,0.81,1.0001,1.3,0.37908966525025223,0.4059143032011402
0.1,0.82,1.0001,1.3,0.37924820789639985,0.409270465404999
0.1,0.83,1.0001,1.3,0.3794315789050405,0.4125047256346655
0.1,0.84,1.0001,1.3,0.3796372273735665,0.4156223722057504
0.1,0.85,1.0001,1.3,0.37986280724708144,0.41862850070417973
0.1,0.86,1.0001,1.3,0.3801061644126726,0.4215280105002742
0.1,0.87,1.0001,1.3,0.3803653239557513,0.42432560345305176
0.1,0.88,1.0001,1.3,0.3806384777287839,0.4270257844621252
0.1,0.89,1.0001,1.3,0.38092397234634146,0.4296328635534444
0.1,0.9,1.0001,1.3,0.3812202976892616,0.43215095921627017
0.1,0.24,1.0001,1.4,0.5785220742078123,-0.14743519358350402
0.1,0.25,1.0001,1.4,0.5649649454895554,-0.12310121650661868
0.1,0.26,1.0001,1.4,0.552307735651594,-0.10002920189692882
0.1,0.27,1.0001,1.4,0.5404630401291666,-0.078093551152122
0.1,0.27999999999999997,1.0001,1.4,0.5293556870243145,-0.057185845233052986
0.1,0.29,1.0001,1.4,0.5189207013419634,-0.03721204163734856
0.1,0.3,1.0001,1.4,0.5091016681245873,-0.01809022122345074
0.1,0.31,1.0001,1.4,0.499849405104803,0.00025123706692244065
0.1,0.32,1.0001,1.4,0.49112087757976935,0.01787514553859986
0.1,0.32999999999999996,1.0001,1.4,0.4828783043020649,0.03483673120706256
0.1,0.33999999999999997,1.0001,1.4,0.4750884150367495,0.05118464737012449
0.1,0.35,1.0001,1.4,0.4677218292615199,0.06696181528042401
0.1,0.36,1.0001,1.4,0.46075253212748757,0.08220612892383605
0.1,0.37,1.0001,1.4,0.4541574288453901,0.09695104911021943
0.1,0.38,1.0001,1.4,0.4479159625397233,0.11122610789967305
0.1,0.39,1.0001,1.4,0.4420097836273272,0.12505734040325367
0.1,0.4,1.0001,1.4,0.43642246115095024,0.13846765790551305
0.1,0.41000000000000003,1.0001,1.4,0.4311392283967603,0.15147717382787887
0.1,0.42,1.0001,1.4,0.4261467566695765,0.16410349211251074
0.1,0.43,1.0001,1.4,0.42143295238064177,0.1763619660209982
0.1,0.44,1.0001,1.4,0.41698677368553927,0.1882659340060635
0.1,0.44999999999999996,1.0001,1.4,0.4127980638402631,0.1998269381453828
0.1,0.45999999999999996,1.0001,1.4,0.40885739925132125,0.2110549295623824
0.1,0.47,1.0001,1.4,0.4051559508974148,0.2219584642551258
0.1,0.48,1.0001,1.4,0.40168535840080033,0.23254489178415758
0.1,0.49,1.0001,1.4,0.3984376165222431,0.24282053832397643
0.1,0.5,1.0001,1.4,0.3954049742349843,0.25279088466824345
0.1,0.51,1.0001,1.4,0.3925798467884253,0.2624607389191127
0.1,0.52,1.0001,1.4,0.38995474129084423,0.27183440282214466
0.1,0.53,1.0001,1.4,0.38752219631760765,0.280915830073394
0.1,0.54,1.0001,1.4,0.38527473589119937,0.2897087744687622
0.1,0.55,1.0001,1.4,0.3832048378977183,0.2982169255246714
0.1,0.56,1.0001,1.4,0.3813049166289601,0.3064440291961308
0.1,0.5700000000000001,1.0001,1.4,0.379567318707977,0.3143939915552116
0.1,0.5800000000000001,1.0001,1.4,0.3779843312138488,0.32207096374815397
0.1,0.5900000000000001,1.0001,1.4,0.37654820041467124,0.329479407178297
0.1,0.6,1.0001,1.4,0.37525115918822066,0.3366241386021045
0.1,0.61,1.0001,1.4,0.3740854609894878,0.3435103556043262
0.1,0.62,1.0001,1.4,0.37304341813172964,0.3501436436622106
0.1,0.63,1.0001,1.4,0.3721174421860913,0.3565299666533985
0.1,0.64,1.0001,1.4,0.37130008446319673,0.36267564315904854
0.1,0.65,1.0001,1.4,0.3705840747958455,0.3685873112349751
0.1,0.6599999999999999,1.0001,1.4,0.3699623571653739,0.3742718844623199
0.1,0.6699999999999999,1.0001,1.4,0.3694281210729952,0.3797365020576885
0.1,0.6799999999999999,1.0001,1.4,0.36897482792080205,0.3849884756473278
0.1,0.69,1.0001,1.4,0.36859623200914243,0.390035235025886
0.1,0.7,1.0001,1.4,0.3682863960586017,0.3948842748659415
0.1,0.71,1.0001,1.4,0.36803970141377773,0.39954310395641496
0.1,0.72,1.0001,1.4,0.36785085327746603,0.40401919815767234
0.1,0.73,1.0001,1.4,0.3677148814583461,0.40831995789324976
0.1,0.74,1.0001,1.4,0.3676271371975193,0.41245267066974756
0.1,0.75,1.0001,1.4,0.3675832866769547,0.4164244788372089
0.1,0.76,1.0001,1.4,0.36757930181444454,0.4202423525766197
0.1,0.77,1.0001,1.4,0.3676114489242537,0.42391306792771893
0.1,0.78,1.0001,1.4,0.36767627577864126,0.427443189544487
0.1,0.79,1.0001,1.4,0.3677705975489287,0.4308390577838944
0.1,0.8,1.0001,1.4,0.36789148204366806,0.43410677968487704
0.1,0.81,1.0001,1.4,0.3680362345981346,0.43725222337550207
0.1,0.82,1.0001,1.4,0.36820238290846863,0.440281015448564
0.1,0.83,1.0001,1.4,0.368387662047086,0.4431985408634861
0.1,0.84,1.0001,1.4,0.36858999984474344,0.4460099449610143
0.1,0.85,1.0001,1.4,0.36880750277968666,0.4487201372122491
0.1,0.86,1.0001,1.4,0.36903844247566064,0.45133379636193577
0.1,0.87,1.0001,1.4,0.36928124287803343,0.45385537666534004
0.1,0.88,1.0001,1.4,0.36953446815048063,0.4562891149567172
0.1,0.89,1.0001,1.4,0.36979681131298126,0.4586390383239023
0.1,0.9,1.0001,1.4,0.3700670836247176,0.4609089721976298
0.1,0.24,1.0001,1.5,0.5607222873407556,-0.11612965903630869
0.1,0.25,1.0001,1.5,0.5468915873683678,-0.09049938677641482
0.1,0.26,1.0001,1.5,0.5340161240846979,-0.06625558584208739
0.1,0.27,1.0001,1.5,0.5220021020372733,-0.04325906228134708
0.1,0.27999999999999997,1.0001,1.5,0.5107690249963784,-0.02139000780457268
0.1,0.29,1.0001,1.5,0.5002474598821458,-0.0005448126419725845
0.1,0.3,1.0001,1.5,0.49037724060321486,0.01936649238575154
0.1,0.31,1.0001,1.5,0.4811060125168833,0.038422305291941655
0.1,0.32,1.0001,1.5,0.47238804284506775,0.056691139850396026
0.1,0.32999999999999996,1.0001,1.5,0.46418324030669167,0.07423301077823548
0.1,0.33999999999999997,1.0001,1.5,0.45645634042866895,0.09110057935872924
0.1,0.35,1.0001,1.5,0.44917622282973213,0.10734010789431732
0.1,0.36,1.0001,1.5,0.44231533417727514,0.12299226103785774
0.1,0.37,1.0001,1.5,0.4358491961619969,0.13809278422102308
0.1,0.38,1.0001,1.5,0.4297559821925175,0.15267308341009392
0.1,0.39,1.0001,1.5,0.42401614992347203,0.1667607257816223
0.1,0.4,1.0001,1.5,0.4186121194430914,0.18037987726202603
0.1,0.41000000000000003,1.0001,1.5,0.41352798913904976,0.1935516899459651
0.1,0.42,1.0001,1.5,0.4087492830631073,0.206294649994462
0.1,0.43,1.0001,1.5,0.4042627251159471,0.2186248945624372
0.1,0.44,1.0001,1.5,0.4000560366336516,0.23055650450430307
0.1,0.44999999999999996,1.0001,1.5,0.3961177550126976,0.24210177797840834
0.1,0.45999999999999996,1.0001,1.5,0.3924370718788866,0.2532714885704299
0.1,0.47,1.0001,1.5,0.3890036899916295,0.2640751301650587
0.1,0.48,1.0001,1.5,0.38580769857482095,0.27452114952279844
0.1,0.49,1.0001,1.5,0.38283946707335414,0.28461716639350665
0.1,0.5,1.0001,1.5,0.3800895574479983,0.29437018006361465
0.1,0.51,1.0001,1.5,0.3775486550477449,0.30378676053783193
0.1,0.52,1.0001,1.5,0.37520751785752615,0.31287322214110297
0.1,0.53,1.0001,1.5,0.3730569435447203,0.32163577721904324
0.1,0.54,1.0001,1.5,0.371087753267477,0.3300806678168879
0.1,0.55,1.0001,1.5,0.36929079071827725,0.33821427370054546
0.1,0.56,1.0001,1.5,0.36765693441641145,0.3460431957920534
0.1,0.5700000000000001,1.0001,1.5,0.36617712088755394,0.3535743149458718
0.1,0.5800000000000001,1.0001,1.5,0.3648423761195927,0.36081482689882594
0.1,0.5900000000000001,1.0001,1.5,0.36364385258646326,0.3677722550916075
0.1,0.6,1.0001,1.5,0.3625728691915085,0.37445444380141135
0.1,0.61,1.0001,1.5,0.36162095168597275,0.3808695345827501
0.1,0.62,1.0001,1.5,0.3607798714388764,0.3870259293530022
0.1,0.63,1.0001,1.5,0.3600416808346579,0.3929322435745986
0.1,0.64,1.0001,1.5,0.3593987440143746,0.3985972528949353
0.1,0.65,1.0001,1.5,0.3588437621168697,0.40402983634423206
0.1,0.6599999999999999,1.0001,1.5,0.3583697925865671,0.4092389188065824
0.1,0.6699999999999999,1.0001,1.5,0.3579702624715152,0.4142334150194785
0.1,0.6799999999999999,1.0001,1.5,0.35763897592510474,0.4190221768679481
0.1,0.69,1.0001,1.5,0.3573701163440962,0.42361394525837937
0.1,0.7,1.0001,1.5,0.3571582437223069,0.42801730741536026
0.1,0.71,1.0001,1.5,0.35699828788754184,0.4322406600568718
0.1,0.72,1.0001,1.5,0.3568855383207571,0.43629217858389485
0.1,0.73,1.0001,1.5,0.3568156312493286,0.4401797921676274
0.1,0.74,1.0001,1.5,0.35678453466757915,0.44391116443095396
0.1,0.75,1.0001,1.5,0.3567885318794887,0.4474936792917538
0.1,0.76,1.0001,1.5,0.35682420408753285,0.45093443145821477
0.1,0.77,1.0001,1.5,0.35688841247826486,0.45424022102540373
0.1,0.78,1.0001,1.5,0.3569782801782693,0.45741755161856124
0.1,0.79,1.0001,1.5,0.3570911743852734,0.46047263154143564
0.1,0.8,1.0001,1.5,0.3572246889131533,0.4634113774216958
0.1,0.81,1.0001,1.5,0.3573766273326517,0.46623941988663264
0.1,0.82,1.0001,1.5,0.35754498683980596,0.46896211084971273
0.1,0.83,1.0001,1.5,0.3577279429422554,0.47158453203792333
0.1,0.84,1.0001,1.5,0.3579238350189121,0.47411150443856975
0.1,0.85,1.0001,1.5,0.35813115278053576,0.476547598390565
0.1,0.86,1.0001,1.5,0.3583485236365896,0.47889714408816264
0.1,0.87,1.0001,1.5,0.3585747009566611,0.48116424230432836
0.1,0.88,1.0001,1.5,0.35880855320194804,0.4833527751754414
0.1,0.89,1.0001,1.5,0.3590490538930257,0.4854664169196634
0.1,0.9,1.0001,1.5,0.359295272373783,0.487508644387598
